<?xml version="1.0" encoding="UTF-8"?>
<project-private xmlns="http://www.netbeans.org/ns/project-private/1">
    <editor-bookmarks xmlns="http://www.netbeans.org/ns/editor-bookmarks/2" lastBookmarkId="0"/>
    <open-files xmlns="http://www.netbeans.org/ns/projectui-open-files/2">
        <group>
            <file>file:/C:/pravinp/SUNYK/Spring2019/Courses/CSE216/Recitations/Recitation6/Examples/Example3/src/example3/Example3.java</file>
            <file>file:/C:/pravinp/SUNYK/Spring2019/Courses/CSE216/Recitations/Recitation6/Examples/Example3/src/example3/Person.java</file>
        </group>
    </open-files>
</project-private>
