<?xml version="1.0" encoding="UTF-8"?>
<project-private xmlns="http://www.netbeans.org/ns/project-private/1">
    <editor-bookmarks xmlns="http://www.netbeans.org/ns/editor-bookmarks/2" lastBookmarkId="0"/>
    <open-files xmlns="http://www.netbeans.org/ns/projectui-open-files/2">
        <group>
            <file>file:/C:/pravinp/SUNYK/Fall2019/CSE216/recitations/Recitation7/Recitation7/src/recitation7/DColonDemo.java</file>
            <file>file:/C:/pravinp/SUNYK/Fall2019/CSE216/recitations/Recitation7/Recitation7/src/recitation7/Example2.java</file>
            <file>file:/C:/pravinp/SUNYK/Fall2019/CSE216/recitations/Recitation7/Recitation7/src/recitation7/CollectorsExample.java</file>
            <file>file:/C:/pravinp/SUNYK/Fall2019/CSE216/recitations/Recitation7/Recitation7/src/recitation7/Example1.java</file>
            <file>file:/C:/pravinp/SUNYK/Fall2019/CSE216/recitations/Recitation7/Recitation7/src/recitation7/ListAverage.java</file>
            <file>file:/C:/pravinp/SUNYK/Fall2019/CSE216/recitations/Recitation7/Recitation7/src/recitation7/Person.java</file>
            <file>file:/C:/pravinp/SUNYK/Fall2019/CSE216/recitations/Recitation7/Recitation7/src/recitation7/Recitation7.java</file>
            <file>file:/C:/pravinp/SUNYK/Fall2019/CSE216/recitations/Recitation7/Recitation7/src/recitation7/Example3.java</file>
            <file>file:/C:/pravinp/SUNYK/Fall2019/CSE216/recitations/Recitation7/Recitation7/src/recitation7/Calculator.java</file>
            <file>file:/C:/pravinp/SUNYK/Fall2019/CSE216/recitations/Recitation7/Recitation7/src/recitation7/StreamDemo.java</file>
        </group>
    </open-files>
</project-private>
