<?xml version="1.0" encoding="UTF-8"?>
<project-private xmlns="http://www.netbeans.org/ns/project-private/1">
    <editor-bookmarks xmlns="http://www.netbeans.org/ns/editor-bookmarks/2" lastBookmarkId="0"/>
    <open-files xmlns="http://www.netbeans.org/ns/projectui-open-files/2">
        <group>
            <file>file:/C:/pravinp/SUNYK/Spring2019/Courses/CSE216/Recitations/Recitation6/classroom/Recitation6/src/recitation6/Recitation6.java</file>
            <file>file:/C:/pravinp/SUNYK/Spring2019/Courses/CSE216/Recitations/Recitation6/classroom/Recitation6/src/recitation6/Example3.java</file>
            <file>file:/C:/pravinp/SUNYK/Spring2019/Courses/CSE216/Recitations/Recitation6/classroom/Recitation6/src/recitation6/StandardDeviation.java</file>
            <file>file:/C:/pravinp/SUNYK/Spring2019/Courses/CSE216/Recitations/Recitation6/classroom/Recitation6/src/recitation6/Example2.java</file>
            <file>file:/C:/pravinp/SUNYK/Spring2019/Courses/CSE216/Recitations/Recitation6/classroom/Recitation6/src/recitation6/DColonDemo.java</file>
            <file>file:/C:/pravinp/SUNYK/Spring2019/Courses/CSE216/Recitations/Recitation6/classroom/Recitation6/src/recitation6/Example1.java</file>
            <file>file:/C:/pravinp/SUNYK/Spring2019/Courses/CSE216/Recitations/Recitation6/classroom/Recitation6/src/recitation6/ListAverage.java</file>
            <file>file:/C:/pravinp/SUNYK/Spring2019/Courses/CSE216/Recitations/Recitation6/classroom/Recitation6/src/recitation6/Person.java</file>
            <file>file:/C:/pravinp/SUNYK/Spring2019/Courses/CSE216/Recitations/Recitation6/classroom/Recitation6/src/recitation6/Calculator.java</file>
            <file>file:/C:/pravinp/SUNYK/Spring2019/Courses/CSE216/Recitations/Recitation6/classroom/Recitation6/src/recitation6/CollectorsExample.java</file>
            <file>file:/C:/pravinp/SUNYK/Spring2019/Courses/CSE216/Recitations/Recitation6/classroom/Recitation6/src/recitation6/StreamDemo.java</file>
        </group>
    </open-files>
</project-private>
