<?xml version="1.0" encoding="UTF-8"?>
<project-private xmlns="http://www.netbeans.org/ns/project-private/1">
    <editor-bookmarks xmlns="http://www.netbeans.org/ns/editor-bookmarks/2" lastBookmarkId="0"/>
    <open-files xmlns="http://www.netbeans.org/ns/projectui-open-files/2">
        <group>
            <file>file:/C:/pravinp/SUNYK/coursewebpages/webpages-upload-pp/ppawar.github.io/CSE216-S19/Recitations/Recitation2/CSE216Rec/src/cse216rec/Employee.java</file>
            <file>file:/C:/pravinp/SUNYK/coursewebpages/webpages-upload-pp/ppawar.github.io/CSE216-S19/Recitations/Recitation2/CSE216Rec/src/cse216rec/ComparableExample.java</file>
        </group>
    </open-files>
</project-private>
