<?xml version="1.0" encoding="UTF-8"?>
<project-private xmlns="http://www.netbeans.org/ns/project-private/1">
    <editor-bookmarks xmlns="http://www.netbeans.org/ns/editor-bookmarks/2" lastBookmarkId="0"/>
    <open-files xmlns="http://www.netbeans.org/ns/projectui-open-files/2">
        <group>
            <file>file:/C:/pravinp/SUNYK/Fall2018/Courses/CSE219/lectures%20-%20PP/JUNIT/CSE216Rec/src/cse216rec/DynamicBinding.java</file>
            <file>file:/C:/pravinp/SUNYK/Fall2018/Courses/CSE219/lectures%20-%20PP/JUNIT/CSE216Rec/src/cse216rec/GenericMethodTest.java</file>
            <file>file:/C:/pravinp/SUNYK/Fall2018/Courses/CSE219/lectures%20-%20PP/JUNIT/CSE216Rec/src/cse216rec/OverridingDemo.java</file>
            <file>file:/C:/pravinp/SUNYK/Fall2018/Courses/CSE219/lectures%20-%20PP/JUNIT/CSE216Rec/src/cse216rec/BoundedTypes.java</file>
            <file>file:/C:/pravinp/SUNYK/Fall2018/Courses/CSE219/lectures%20-%20PP/JUNIT/CSE216Rec/src/cse216rec/PolymorphismDemo.java</file>
            <file>file:/C:/pravinp/SUNYK/Fall2018/Courses/CSE219/lectures%20-%20PP/JUNIT/CSE216Rec/src/cse216rec/DisplayOverloading.java</file>
            <file>file:/C:/pravinp/SUNYK/Fall2018/Courses/CSE219/lectures%20-%20PP/JUNIT/CSE216Rec/src/cse216rec/GenericBox.java</file>
        </group>
    </open-files>
</project-private>
