Flag,Country,Population2018,Population2030
CN,China,1415045928,1441181813
IN,India,1354051854,1512985207
US,United States,326766748,354711670
ID,Indonesia,266794980,295595234
BR,Brazil,210867954,225472214
PK,Pakistan,200813818,244248371
NG,Nigeria,195875237,264067527
BD,Bangladesh,166368149,185584811
RU,Russia,143964709,140543418
MX,Mexico,130759074,147540127
JP,Japan,127185332,121580505
ET,Ethiopia,107534882,139620178
PH,Philippines,106512074,125372282
EG,Egypt,99375741,119745677
VN,Vietnam,96491146,106283637
CD,DR Congo,84004989,120442943
DE,Germany,82293457,82186736
IR,Iran,82011735,88863308
TR,Turkey,81916871,88416609
TH,Thailand,69183173,69626212
GB,United Kingdom,66573504,70578614
FR,France,65233271,67894271
IT,Italy,59290969,58109918
TZ,Tanzania,59091392,83702053
ZA,South Africa,57398421,64465553
MM,Myanmar,53855735,58915869
KR,South Korea,51164435,52701817
KE,Kenya,50950879,66959993
CO,Colombia,49464683,53134127
ES,Spain,46397452,46115125
AR,Argentina,44688864,49323306
UG,Uganda,44270563,63842360
UA,Ukraine,44009214,41200374
DZ,Algeria,42008054,48821963
SD,Sudan,41511526,54842478
IQ,Iraq,39339753,53297666
PL,Poland,38104832,36615500
CA,Canada,36953765,40617535
AF,Afghanistan,36373176,46699545
MA,Morocco,36191805,40873592
SA,Saudi Arabia,33554343,39480349
PE,Peru,32551815,36806784
VE,Venezuela,32381221,36749904
UZ,Uzbekistan,32364996,36712267
MY,Malaysia,32042458,36814968
AO,Angola,30774205,44712282
MZ,Mozambique,30528673,42438703
NP,Nepal,29624035,33167612
GH,Ghana,29463643,37294019
YE,Yemen,28915284,36815286
MG,Madagascar,26262810,35591943
KP,North Korea,25610672,26743895
CI,Ivory Coast,24905843,33337306
AU,Australia,24772247,28234742
CM,Cameroon,24678234,32979644
TW,Taiwan,23694089,24150708
NE,Niger,22311375,34993540
LK,Sri Lanka,20950041,21474701
BF,Burkina Faso,19751651,27382488
RO,Romania,19580634,18464237
MW,Malawi,19164728,26578247
ML,Mali,19107706,27057112
KZ,Kazakhstan,18403860,20301322
SY,Syria,18284407,26608489
CL,Chile,18197209,19637321
ZM,Zambia,17609178,24859376
GT,Guatemala,17245346,21202726
NL,Netherlands,17084459,17594086
ZW,Zimbabwe,16913261,21526861
EC,Ecuador,16863425,19554856
SN,Senegal,16294270,22123230
KH,Cambodia,16245729,18797878
TD,Chad,15353184,21459963
SO,Somalia,15181925,21535019
GN,Guinea,13052608,17631380
SS,South Sudan,12919053,17254367
RW,Rwanda,12501156,16024252
TN,Tunisia,11659174,12841615
BE,Belgium,11498519,12001594
CU,Cuba,11489082,11496000
BJ,Benin,11485674,15628437
BI,Burundi,11216450,15798849
BO,Bolivia,11215674,13158072
GR,Greece,11142161,10783625
HT,Haiti,11112945,12543964
DO,Dominican Republic,10882996,12098320
CZ,Czech Republic,10625250,10528196
PT,Portugal,10291196,9877056
SE,Sweden,9982709,10712041
AZ,Azerbaijan,9923914,10680202
JO,Jordan,9903802,11122063
HU,Hungary,9688847,9235459
AE,United Arab Emirates,9541615,11054579
BY,Belarus,9452113,9163118
HN,Honduras,9417167,11147351
TJ,Tajikistan,9107211,11194411
RS,Serbia,8762027,8355445
AT,Austria,8751820,8945882
CH,Switzerland,8544034,9203908
IL,Israel,8452841,9983645
PG,Papua New Guinea,8418346,10486891
TG,Togo,7990926,10507241
SL,Sierra Leone,7719729,9719531
HK,Hong Kong,7428887,7987249
BG,Bulgaria,7036848,6430847
LA,Laos,6961210,8048698
PY,Paraguay,6896908,7844904
LY,Libya,6470956,7342346
SV,El Salvador,6411558,6785583
NI,Nicaragua,6284757,7046293
KG,Kyrgyzstan,6132932,6997284
LB,Lebanon,6093509,5368598
TM,Turkmenistan,5851466,6767418
SG,Singapore,5791901,6342470
DK,Denmark,5754356,6024516
FI,Finland,5542517,5739095
SK,Slovakia,5449816,5387458
CG,Republic of the Congo,5399895,7318887
NO,Norway,5353363,5959215
ER,Eritrea,5187948,6717687
PS,Palestine,5052776,6739073
CR,Costa Rica,4953199,5417379
LR,Liberia,4853516,6495377
OM,Oman,4829946,5897473
IE,Ireland,4803748,5219951
NZ,New Zealand,4749598,5213103
CF,Central African Republic,4737423,6123615
MR,Mauritania,4540068,6076668
KW,Kuwait,4197128,4873674
HR,Croatia,4164783,3895784
PA,Panama,4162618,4884311
MD,Moldova,4041065,3843941
GE,Georgia,3907131,3748350
PR,Puerto Rico,3659007,3592748
BA,Bosnia and Herzegovina,3503554,3404781
UY,Uruguay,3469551,3594299
MN,Mongolia,3121772,3560959
AL,Albania,2934363,2933419
AM,Armenia,2934152,2907463
JM,Jamaica,2898677,2932629
LT,Lithuania,2876475,2717731
QA,Qatar,2694849,3231911
NA,Namibia,2587801,3245659
BW,Botswana,2333201,2800433
LS,Lesotho,2263010,2607957
GM,Gambia,2163765,3000667
MK,Macedonia,2085051,2076350
SI,Slovenia,2081260,2059211
GA,Gabon,2067561,2593514
LV,Latvia,1929938,1747192
GW,Guinea-Bissau,1907268,2492580
BH,Bahrain,1566993,2013135
SZ,Swaziland,1391385,1666435
TT,Trinidad and Tobago,1372598,1373659
TL,Timor-Leste,1324094,1704105
GQ,Equatorial Guinea,1313894,1871220
EE,Estonia,1306788,1253590
MU,Mauritius,1268315,1286934
CY,Cyprus,1189085,1282204
DJ,Djibouti,971408,1132710
FJ,Fiji,912241,970270
RE,Reunion,883247,956970
KM,Comoros,832347,1061775
BT,Bhutan,817054,913697
GY,Guyana,782225,824982
MO,Macau,632418,745908
ME,Montenegro,629219,624702
SB,Solomon Islands,623281,772545
LU,Luxembourg,590321,674864
SR,Suriname,568301,616728
EH,Western Sahara,567421,736683
CV,Cape Verde,553335,635072
GP,Guadeloupe,449173,447803
MV,Maldives,444259,511766
BN,Brunei,434076,489666
MT,Malta,432089,439963
BS,Bahamas,399285,439896
MQ,Martinique,385065,382087
BZ,Belize,382444,472702
IS,Iceland,337780,365646
GF,French Guiana,289763,379463
BB,Barbados,286388,290010
PF,French Polynesia,285859,306760
VU,Vanuatu,282117,353974
NC,New Caledonia,279821,321102
YT,Mayotte,259682,343809
ST,Sao Tome and Principe,208818,268471
WS,Samoa,197695,212095
LC,Saint Lucia,179667,186369
GU,Guam,165718,181009
CW,Curacao,161577,172170
KI,Kiribati,118414,141538
VC,Saint Vincent and the Grenadines,110200,112106
TO,Tonga,109008,121055
GD,Grenada,108339,112024
FM,Micronesia,106227,117430
AW,Aruba,105670,109377
VI,United States Virgin Islands,104914,101923
AG,Antigua and Barbuda,103050,114608
SC,Seychelles,95235,98010
IM,Isle of Man,84831,90692
AD,Andorra,76953,78154
DM,Dominica,74308,77593
KY,Cayman Islands,62348,71059
BM,Bermuda,61070,59273
GL,Greenland,56565,57228
KN,Saint Kitts and Nevis,55850,60603
AS,American Samoa,55679,57147
MP,Northern Mariana Islands,55194,56775
MH,Marshall Islands,53167,55634
FO,Faroe Islands,49489,52067
SX,Sint Maarten,40552,46034
MC,Monaco,38897,41362
LI,Liechtenstein,38155,40918
TC,Turks and Caicos Islands,35963,41528
GI,Gibraltar,34733,35897
SM,San Marino,33557,34688
VG,British Virgin Islands,31719,35287
PW,Palau,21964,24760
CK,Cook Islands,17411,17861
AI,Anguilla,15045,15867
WF,Wallis and Futuna,11683,11222
NR,Nauru,11312,11454
TV,Tuvalu,11287,12699
PM,Saint Pierre and Miquelon,6342,6879
MS,Montserrat,5203,5398
FK,Falkland Islands,2922,2925
NU,Niue,1624,1674
TK,Tokelau,1319,1444
VA,Vatican City,801,797
